{
    "total_runtime": 330.44164204597473,
    "num_documents": 1,
    "input_load_time": 0,
    "workflows": {
        "create_base_text_units": {
            "overall": 0.2990379333496094,
            "0_orderby": 0.004454135894775391,
            "1_zip": 0.0025801658630371094,
            "2_aggregate_override": 0.0071260929107666016,
            "3_chunk": 0.23589515686035156,
            "4_select": 0.00396275520324707,
            "5_unroll": 0.008468151092529297,
            "6_rename": 0.0031189918518066406,
            "7_genid": 0.007562875747680664,
            "8_unzip": 0.00591588020324707,
            "9_copy": 0.003957033157348633,
            "10_filter": 0.014257192611694336
        },
        "create_base_extracted_entities": {
            "overall": 167.97942996025085,
            "0_entity_extract": 167.90915989875793,
            "1_merge_graphs": 0.06114506721496582,
            "2_snapshot_rows": 0.005101680755615234
        },
        "create_summarized_entities": {
            "overall": 14.439781188964844,
            "0_summarize_descriptions": 14.427026987075806,
            "1_snapshot_rows": 0.00840306282043457
        },
        "create_base_entity_graph": {
            "overall": 0.1136932373046875,
            "0_cluster_graph": 0.09009790420532227,
            "1_snapshot_rows": 0.006458759307861328,
            "2_snapshot_rows": 0.006438255310058594,
            "3_select": 0.00574493408203125
        },
        "create_final_entities": {
            "overall": 1.1471171379089355,
            "0_unpack_graph": 0.0301210880279541,
            "1_rename": 0.006408214569091797,
            "2_select": 0.0064258575439453125,
            "3_dedupe": 0.010524749755859375,
            "4_rename": 0.0066449642181396484,
            "5_filter": 0.01765131950378418,
            "6_text_split": 0.0107269287109375,
            "7_drop": 0.007233858108520508,
            "8_merge": 0.0527341365814209,
            "9_text_embed": 0.9504599571228027,
            "10_drop": 0.009471893310546875,
            "11_filter": 0.03277897834777832
        },
        "create_final_nodes": {
            "overall": 0.34970688819885254,
            "0_layout_graph": 0.12196087837219238,
            "1_unpack_graph": 0.03729391098022461,
            "2_unpack_graph": 0.037446022033691406,
            "3_drop": 0.009321928024291992,
            "4_filter": 0.033593177795410156,
            "5_select": 0.009432077407836914,
            "6_snapshot": 0.012069940567016602,
            "7_rename": 0.009689092636108398,
            "8_convert": 0.040374040603637695,
            "9_join": 0.01915121078491211,
            "10_rename": 0.010481119155883789
        },
        "create_final_communities": {
            "overall": 0.3118460178375244,
            "0_unpack_graph": 0.03479766845703125,
            "1_unpack_graph": 0.034538984298706055,
            "2_aggregate_override": 0.0172879695892334,
            "3_join": 0.016527175903320312,
            "4_join": 0.01718592643737793,
            "5_concat": 0.01302194595336914,
            "6_filter": 0.04881691932678223,
            "7_aggregate_override": 0.016620874404907227,
            "8_join": 0.015445947647094727,
            "9_filter": 0.027116775512695312,
            "10_fill": 0.01237797737121582,
            "11_merge": 0.01861119270324707,
            "12_copy": 0.013936996459960938,
            "13_select": 0.014909029006958008
        },
        "join_text_units_to_entity_ids": {
            "overall": 0.05837082862854004,
            "0_select": 0.013582229614257812,
            "1_unroll": 0.014822959899902344,
            "2_aggregate_override": 0.016642093658447266
        },
        "create_final_relationships": {
            "overall": 0.22927093505859375,
            "0_unpack_graph": 0.038023948669433594,
            "1_filter": 0.04896283149719238,
            "2_rename": 0.014588356018066406,
            "3_filter": 0.03442788124084473,
            "4_drop": 0.014950990676879883,
            "5_compute_edge_combined_degree": 0.01819610595703125,
            "6_convert": 0.030766963958740234,
            "7_convert": 0.01536107063293457
        },
        "join_text_units_to_relationship_ids": {
            "overall": 0.08423614501953125,
            "0_select": 0.01578688621520996,
            "1_unroll": 0.016765832901000977,
            "2_aggregate_override": 0.018992185592651367,
            "3_select": 0.01716303825378418
        },
        "create_final_community_reports": {
            "overall": 142.5254499912262,
            "0_prepare_community_reports_nodes": 0.024286985397338867,
            "1_prepare_community_reports_edges": 0.020466089248657227,
            "2_restore_community_hierarchy": 0.021114110946655273,
            "3_prepare_community_reports": 0.17027878761291504,
            "4_create_community_reports": 142.2470269203186,
            "5_window": 0.02431511878967285
        },
        "create_final_text_units": {
            "overall": 0.1441202163696289,
            "0_select": 0.01886916160583496,
            "1_rename": 0.018496036529541016,
            "2_join": 0.02444911003112793,
            "3_join": 0.02185797691345215,
            "4_aggregate_override": 0.021697044372558594,
            "5_select": 0.019083023071289062
        },
        "create_base_documents": {
            "overall": 0.21274614334106445,
            "0_unroll": 0.020168066024780273,
            "1_select": 0.01947021484375,
            "2_rename": 0.019453048706054688,
            "3_join": 0.022722959518432617,
            "4_aggregate_override": 0.02095198631286621,
            "5_join": 0.02526402473449707,
            "6_rename": 0.020401716232299805,
            "7_convert": 0.045237064361572266
        },
        "create_final_documents": {
            "overall": 0.04263925552368164,
            "0_rename": 0.021297216415405273
        }
    }
}